facet_id,raw_facet,normalized_facet,facet_type,conversation_observable,sensitivity,is_header_like,retrieval_enabled,scoring_definition,abstention_reason
1,Risktaking,risktaking,behavioral_or_personality,conditional,low,False,True,Use a 1-5 ordinal scale based on direct conversational evidence. Do not infer stable traits from isolated statements.,"Score only when the conversation provides direct, specific evidence about the speaker."
2,Naivety,naivety,behavioral_or_personality,conditional,low,False,True,Use a 1-5 ordinal scale based on direct conversational evidence. Do not infer stable traits from isolated statements.,"Score only when the conversation provides direct, specific evidence about the speaker."
3,Acidity,acidity,behavioral_or_personality,conditional,low,False,True,Use a 1-5 ordinal scale based on direct conversational evidence. Do not infer stable traits from isolated statements.,"Score only when the conversation provides direct, specific evidence about the speaker."
4,Democratic Leadership:,democratic leadership,header_or_malformed,not_observable,low,True,False,,Header-like or malformed catalogue entry; excluded from retrieval and scoring.
5,Common-sense,common-sense,behavioral_or_personality,conditional,low,False,True,Use a 1-5 ordinal scale based on direct conversational evidence. Do not infer stable traits from isolated statements.,"Score only when the conversation provides direct, specific evidence about the speaker."
6,Hesitation,hesitation,behavioral_or_personality,conditional,low,False,True,Use a 1-5 ordinal scale based on direct conversational evidence. Do not infer stable traits from isolated statements.,"Score only when the conversation provides direct, specific evidence about the speaker."
7,Discontentment,discontentment,behavioral_or_personality,conditional,low,False,True,Use a 1-5 ordinal scale based on direct conversational evidence. Do not infer stable traits from isolated statements.,"Score only when the conversation provides direct, specific evidence about the speaker."
8,Overprotectiveness,overprotectiveness,behavioral_or_personality,conditional,low,False,True,Use a 1-5 ordinal scale based on direct conversational evidence. Do not infer stable traits from isolated statements.,"Score only when the conversation provides direct, specific evidence about the speaker."
9,Merriness,merriness,behavioral_or_personality,conditional,low,False,True,Use a 1-5 ordinal scale based on direct conversational evidence. Do not infer stable traits from isolated statements.,"Score only when the conversation provides direct, specific evidence about the speaker."
10,Emotionalism,emotionalism,behavioral_or_personality,conditional,low,False,True,Use a 1-5 ordinal scale based on direct conversational evidence. Do not infer stable traits from isolated statements.,"Score only when the conversation provides direct, specific evidence about the speaker."
11,Self-improvement,self-improvement,behavioral_or_personality,conditional,low,False,True,Use a 1-5 ordinal scale based on direct conversational evidence. Do not infer stable traits from isolated statements.,"Score only when the conversation provides direct, specific evidence about the speaker."
12,Statistical Reasoning,statistical reasoning,skill_or_ability,conditional,low,False,True,Use a 1-5 ordinal scale based on demonstrated or explicitly described ability. Do not infer competence from interest alone.,"Score only when the conversation provides direct, specific evidence about the speaker."
13,Assertiveness and control in relationships,assertiveness and control in relationships,behavioral_or_personality,conditional,low,False,True,Use a 1-5 ordinal scale based on direct conversational evidence. Do not infer stable traits from isolated statements.,"Score only when the conversation provides direct, specific evidence about the speaker."
14,Cunningness,cunningness,behavioral_or_personality,conditional,low,False,True,Use a 1-5 ordinal scale based on direct conversational evidence. Do not infer stable traits from isolated statements.,"Score only when the conversation provides direct, specific evidence about the speaker."
15,Adventure-Seeking Behavior,adventure-seeking behavior,behavioral_or_personality,conditional,low,False,True,Use a 1-5 ordinal scale based on direct conversational evidence. Do not infer stable traits from isolated statements.,"Score only when the conversation provides direct, specific evidence about the speaker."
16,Compassion Fatigue,compassion fatigue,behavioral_or_personality,conditional,low,False,True,Use a 1-5 ordinal scale based on direct conversational evidence. Do not infer stable traits from isolated statements.,"Score only when the conversation provides direct, specific evidence about the speaker."
17,Moroseness,moroseness,behavioral_or_personality,conditional,low,False,True,Use a 1-5 ordinal scale based on direct conversational evidence. Do not infer stable traits from isolated statements.,"Score only when the conversation provides direct, specific evidence about the speaker."
18,Specialist,specialist,behavioral_or_personality,conditional,low,False,True,Use a 1-5 ordinal scale based on direct conversational evidence. Do not infer stable traits from isolated statements.,"Score only when the conversation provides direct, specific evidence about the speaker."
19,Aloofness,aloofness,behavioral_or_personality,conditional,low,False,True,Use a 1-5 ordinal scale based on direct conversational evidence. Do not infer stable traits from isolated statements.,"Score only when the conversation provides direct, specific evidence about the speaker."
20,Genuine,genuine,behavioral_or_personality,conditional,low,False,True,Use a 1-5 ordinal scale based on direct conversational evidence. Do not infer stable traits from isolated statements.,"Score only when the conversation provides direct, specific evidence about the speaker."
21,Determinedness,determinedness,behavioral_or_personality,conditional,low,False,True,Use a 1-5 ordinal scale based on direct conversational evidence. Do not infer stable traits from isolated statements.,"Score only when the conversation provides direct, specific evidence about the speaker."
22,HonestyHumility:,honesty humility,header_or_malformed,not_observable,low,True,False,,Header-like or malformed catalogue entry; excluded from retrieval and scoring.
23,Relationship Building Themes:,relationship building themes,header_or_malformed,not_observable,low,True,False,,Header-like or malformed catalogue entry; excluded from retrieval and scoring.
24,Pure Challenge,pure challenge,behavioral_or_personality,conditional,low,False,True,Use a 1-5 ordinal scale based on direct conversational evidence. Do not infer stable traits from isolated statements.,"Score only when the conversation provides direct, specific evidence about the speaker."
25,Numerical Reasoning Subcomponents:,numerical reasoning subcomponents,header_or_malformed,not_observable,low,True,False,,Header-like or malformed catalogue entry; excluded from retrieval and scoring.
26,Openness,openness,behavioral_or_personality,conditional,low,False,True,Use a 1-5 ordinal scale based on direct conversational evidence. Do not infer stable traits from isolated statements.,"Score only when the conversation provides direct, specific evidence about the speaker."
27,SelfEsteem,self esteem,behavioral_or_personality,conditional,low,False,True,Use a 1-5 ordinal scale based on direct conversational evidence. Do not infer stable traits from isolated statements.,"Score only when the conversation provides direct, specific evidence about the speaker."
28,Comparing alphanumeric data,comparing alphanumeric data,behavioral_or_personality,conditional,low,False,True,Use a 1-5 ordinal scale based on direct conversational evidence. Do not infer stable traits from isolated statements.,"Score only when the conversation provides direct, specific evidence about the speaker."
29,Big-heartedness,big-heartedness,behavioral_or_personality,conditional,low,False,True,Use a 1-5 ordinal scale based on direct conversational evidence. Do not infer stable traits from isolated statements.,"Score only when the conversation provides direct, specific evidence about the speaker."
30,Compulsive activities,compulsive activities,behavioral_or_personality,conditional,low,False,True,Use a 1-5 ordinal scale based on direct conversational evidence. Do not infer stable traits from isolated statements.,"Score only when the conversation provides direct, specific evidence about the speaker."
31,Disrespect,disrespect,behavioral_or_personality,conditional,low,False,True,Use a 1-5 ordinal scale based on direct conversational evidence. Do not infer stable traits from isolated statements.,"Score only when the conversation provides direct, specific evidence about the speaker."
32,FSH level,fsh level,medical_or_biological,not_observable,high,False,False,,"Requires medical, laboratory, genetic, diagnostic, or other external evidence."
33,Self Perspective,self perspective,behavioral_or_personality,conditional,low,False,True,Use a 1-5 ordinal scale based on direct conversational evidence. Do not infer stable traits from isolated statements.,"Score only when the conversation provides direct, specific evidence about the speaker."
34,Desperation,desperation,behavioral_or_personality,conditional,low,False,True,Use a 1-5 ordinal scale based on direct conversational evidence. Do not infer stable traits from isolated statements.,"Score only when the conversation provides direct, specific evidence about the speaker."
35,Affiliation Motivation:,affiliation motivation,header_or_malformed,not_observable,low,True,False,,Header-like or malformed catalogue entry; excluded from retrieval and scoring.
36,Anatomy knowledge,anatomy knowledge,skill_or_ability,conditional,low,False,True,Use a 1-5 ordinal scale based on demonstrated or explicitly described ability. Do not infer competence from interest alone.,"Score only when the conversation provides direct, specific evidence about the speaker."
37,Passive-Aggressive,passive-aggressive,behavioral_or_personality,conditional,low,False,True,Use a 1-5 ordinal scale based on direct conversational evidence. Do not infer stable traits from isolated statements.,"Score only when the conversation provides direct, specific evidence about the speaker."
38,Presence of Spiritual Pain,presence of spiritual pain,spiritual_or_religious_practice,conditional,medium,False,True,Use a 1-5 ordinal scale based on direct conversational evidence. Do not infer stable traits from isolated statements.,"Score only when the conversation provides direct, specific evidence about the speaker."
39,Role of Spirituality in Community Involvement,role of spirituality in community involvement,behavioral_or_personality,conditional,low,False,True,Use a 1-5 ordinal scale based on direct conversational evidence. Do not infer stable traits from isolated statements.,"Score only when the conversation provides direct, specific evidence about the speaker."
40,Structure,structure,behavioral_or_personality,conditional,low,False,True,Use a 1-5 ordinal scale based on direct conversational evidence. Do not infer stable traits from isolated statements.,"Score only when the conversation provides direct, specific evidence about the speaker."
41,Eco-tourism trips,eco-tourism trips,behavioral_or_personality,conditional,low,False,True,Use a 1-5 ordinal scale based on direct conversational evidence. Do not infer stable traits from isolated statements.,"Score only when the conversation provides direct, specific evidence about the speaker."
42,Chivalrousness,chivalrousness,behavioral_or_personality,conditional,low,False,True,Use a 1-5 ordinal scale based on direct conversational evidence. Do not infer stable traits from isolated statements.,"Score only when the conversation provides direct, specific evidence about the speaker."
43,Pilgrimage participation count,pilgrimage participation count,spiritual_or_religious_practice,conditional,medium,False,True,Use a 1-5 ordinal scale based on direct conversational evidence. Do not infer stable traits from isolated statements.,"Score only when the conversation provides direct, specific evidence about the speaker."
44,Mindfulness facet: Observing,mindfulness facet: observing,behavioral_or_personality,conditional,low,False,True,Use a 1-5 ordinal scale based on direct conversational evidence. Do not infer stable traits from isolated statements.,"Score only when the conversation provides direct, specific evidence about the speaker."
45,Submissiveness,submissiveness,behavioral_or_personality,conditional,low,False,True,Use a 1-5 ordinal scale based on direct conversational evidence. Do not infer stable traits from isolated statements.,"Score only when the conversation provides direct, specific evidence about the speaker."
46,Training-cycle length,training-cycle length,behavioral_or_personality,conditional,low,False,True,Use a 1-5 ordinal scale based on direct conversational evidence. Do not infer stable traits from isolated statements.,"Score only when the conversation provides direct, specific evidence about the speaker."
47,Sensitiveness,sensitiveness,behavioral_or_personality,conditional,low,False,True,Use a 1-5 ordinal scale based on direct conversational evidence. Do not infer stable traits from isolated statements.,"Score only when the conversation provides direct, specific evidence about the speaker."
48,Negative Affect Frequency,negative affect frequency,biographical_or_external_fact,conditional,medium,False,True,Use a 1-5 ordinal scale based on direct conversational evidence. Do not infer stable traits from isolated statements.,"Score only when the conversation provides direct, specific evidence about the speaker."
49,Innovation and Creativity Components:,innovation and creativity components,header_or_malformed,not_observable,low,True,False,,Header-like or malformed catalogue entry; excluded from retrieval and scoring.
50,Achievement Motivation:,achievement motivation,header_or_malformed,not_observable,low,True,False,,Header-like or malformed catalogue entry; excluded from retrieval and scoring.
51,Feedback-giving frequency,feedback-giving frequency,biographical_or_external_fact,conditional,medium,False,True,Use a 1-5 ordinal scale based on direct conversational evidence. Do not infer stable traits from isolated statements.,"Score only when the conversation provides direct, specific evidence about the speaker."
52,Dance-cardio sessions,dance-cardio sessions,biographical_or_external_fact,conditional,medium,False,True,Use a 1-5 ordinal scale based on direct conversational evidence. Do not infer stable traits from isolated statements.,"Score only when the conversation provides direct, specific evidence about the speaker."
53,Enthusiasm,enthusiasm,behavioral_or_personality,conditional,low,False,True,Use a 1-5 ordinal scale based on direct conversational evidence. Do not infer stable traits from isolated statements.,"Score only when the conversation provides direct, specific evidence about the speaker."
54,Psychological construct: Social Desirability tendency,psychological construct: social desirability tendency,behavioral_or_personality,conditional,low,False,True,Use a 1-5 ordinal scale based on direct conversational evidence. Do not infer stable traits from isolated statements.,"Score only when the conversation provides direct, specific evidence about the speaker."
55,Inattentiveness,inattentiveness,behavioral_or_personality,conditional,low,False,True,Use a 1-5 ordinal scale based on direct conversational evidence. Do not infer stable traits from isolated statements.,"Score only when the conversation provides direct, specific evidence about the speaker."
56,Unassertiveness,unassertiveness,behavioral_or_personality,conditional,low,False,True,Use a 1-5 ordinal scale based on direct conversational evidence. Do not infer stable traits from isolated statements.,"Score only when the conversation provides direct, specific evidence about the speaker."
57,Decision-making decisiveness,decision-making decisiveness,behavioral_or_personality,conditional,low,False,True,Use a 1-5 ordinal scale based on direct conversational evidence. Do not infer stable traits from isolated statements.,"Score only when the conversation provides direct, specific evidence about the speaker."
58,Sense-of-coherence score,sense-of-coherence score,psychological_or_mental_health,not_observable,high,False,False,,Should not be diagnosed or assigned from ordinary conversational text alone.
59,Justice-mindedness,justice-mindedness,behavioral_or_personality,conditional,low,False,True,Use a 1-5 ordinal scale based on direct conversational evidence. Do not infer stable traits from isolated statements.,"Score only when the conversation provides direct, specific evidence about the speaker."
60,Subscription count,subscription count,biographical_or_external_fact,conditional,medium,False,True,Use a 1-5 ordinal scale based on direct conversational evidence. Do not infer stable traits from isolated statements.,"Score only when the conversation provides direct, specific evidence about the speaker."
61,Depression Symptoms,depression symptoms,psychological_or_mental_health,not_observable,high,False,False,,Should not be diagnosed or assigned from ordinary conversational text alone.
62,Spatial perception,spatial perception,skill_or_ability,conditional,low,False,True,Use a 1-5 ordinal scale based on demonstrated or explicitly described ability. Do not infer competence from interest alone.,"Score only when the conversation provides direct, specific evidence about the speaker."
63,Brevity,brevity,communication_or_interaction,conditional,low,False,True,Use a 1-5 ordinal scale based only on directly observable conversational evidence. Abstain when the sample is too short or unrepresentative.,"Score only when the conversation provides direct, specific evidence about the speaker."
64,Orderliness,orderliness,behavioral_or_personality,conditional,low,False,True,Use a 1-5 ordinal scale based on direct conversational evidence. Do not infer stable traits from isolated statements.,"Score only when the conversation provides direct, specific evidence about the speaker."
65,Multiculturalism,multiculturalism,behavioral_or_personality,conditional,low,False,True,Use a 1-5 ordinal scale based on direct conversational evidence. Do not infer stable traits from isolated statements.,"Score only when the conversation provides direct, specific evidence about the speaker."
66,Creative risk-taking tendency,creative risk-taking tendency,behavioral_or_personality,conditional,low,False,True,Use a 1-5 ordinal scale based on direct conversational evidence. Do not infer stable traits from isolated statements.,"Score only when the conversation provides direct, specific evidence about the speaker."
67,Inefficiency,inefficiency,behavioral_or_personality,conditional,low,False,True,Use a 1-5 ordinal scale based on direct conversational evidence. Do not infer stable traits from isolated statements.,"Score only when the conversation provides direct, specific evidence about the speaker."
68,Network basics,network basics,behavioral_or_personality,conditional,low,False,True,Use a 1-5 ordinal scale based on direct conversational evidence. Do not infer stable traits from isolated statements.,"Score only when the conversation provides direct, specific evidence about the speaker."
69,Alphabetical filing skills,alphabetical filing skills,skill_or_ability,conditional,low,False,True,Use a 1-5 ordinal scale based on demonstrated or explicitly described ability. Do not infer competence from interest alone.,"Score only when the conversation provides direct, specific evidence about the speaker."
70,Work Styles,work styles,header_or_malformed,not_observable,low,True,False,,Header-like or malformed catalogue entry; excluded from retrieval and scoring.
71,Character strength: Perseverance,character strength: perseverance,behavioral_or_personality,conditional,low,False,True,Use a 1-5 ordinal scale based on direct conversational evidence. Do not infer stable traits from isolated statements.,"Score only when the conversation provides direct, specific evidence about the speaker."
72,Competition,competition,behavioral_or_personality,conditional,low,False,True,Use a 1-5 ordinal scale based on direct conversational evidence. Do not infer stable traits from isolated statements.,"Score only when the conversation provides direct, specific evidence about the speaker."
73,Logical Sequence Identification,logical sequence identification,behavioral_or_personality,conditional,low,False,True,Use a 1-5 ordinal scale based on direct conversational evidence. Do not infer stable traits from isolated statements.,"Score only when the conversation provides direct, specific evidence about the speaker."
74,Sustainable-transport usage,sustainable-transport usage,biographical_or_external_fact,conditional,medium,False,True,Use a 1-5 ordinal scale based on direct conversational evidence. Do not infer stable traits from isolated statements.,"Score only when the conversation provides direct, specific evidence about the speaker."
75,Hardworking,hardworking,behavioral_or_personality,conditional,low,False,True,Use a 1-5 ordinal scale based on direct conversational evidence. Do not infer stable traits from isolated statements.,"Score only when the conversation provides direct, specific evidence about the speaker."
76,Emotional-intelligence measure: Impulsiveness,emotional-intelligence measure: impulsiveness,behavioral_or_personality,conditional,low,False,True,Use a 1-5 ordinal scale based on direct conversational evidence. Do not infer stable traits from isolated statements.,"Score only when the conversation provides direct, specific evidence about the speaker."
77,Dishonesty,dishonesty,behavioral_or_personality,conditional,low,False,True,Use a 1-5 ordinal scale based on direct conversational evidence. Do not infer stable traits from isolated statements.,"Score only when the conversation provides direct, specific evidence about the speaker."
78,Preferred epistemology,preferred epistemology,preference_or_attitude,conditional,low,False,True,Use a 1-5 ordinal scale based on explicit statements or repeated direct evidence. Abstain when preference is unclear.,"Score only when the conversation provides direct, specific evidence about the speaker."
79,Memory for Sounds,memory for sounds,skill_or_ability,conditional,low,False,True,Use a 1-5 ordinal scale based on demonstrated or explicitly described ability. Do not infer competence from interest alone.,"Score only when the conversation provides direct, specific evidence about the speaker."
80,Sportsmanship rating,sportsmanship rating,behavioral_or_personality,conditional,low,False,True,Use a 1-5 ordinal scale based on direct conversational evidence. Do not infer stable traits from isolated statements.,"Score only when the conversation provides direct, specific evidence about the speaker."
81,Immaturity,immaturity,behavioral_or_personality,conditional,low,False,True,Use a 1-5 ordinal scale based on direct conversational evidence. Do not infer stable traits from isolated statements.,"Score only when the conversation provides direct, specific evidence about the speaker."
82,Health-literacy level,health-literacy level,behavioral_or_personality,conditional,low,False,True,Use a 1-5 ordinal scale based on direct conversational evidence. Do not infer stable traits from isolated statements.,"Score only when the conversation provides direct, specific evidence about the speaker."
83,Estimating Calculations,estimating calculations,skill_or_ability,conditional,low,False,True,Use a 1-5 ordinal scale based on demonstrated or explicitly described ability. Do not infer competence from interest alone.,"Score only when the conversation provides direct, specific evidence about the speaker."
84,Depression: Feelings of sadness and hopelessness,depression: feelings of sadness and hopelessness,psychological_or_mental_health,not_observable,high,False,False,,Should not be diagnosed or assigned from ordinary conversational text alone.
85,Synthesis of information,synthesis of information,behavioral_or_personality,conditional,low,False,True,Use a 1-5 ordinal scale based on direct conversational evidence. Do not infer stable traits from isolated statements.,"Score only when the conversation provides direct, specific evidence about the speaker."
86,Leadership Potential:,leadership potential,header_or_malformed,not_observable,low,True,False,,Header-like or malformed catalogue entry; excluded from retrieval and scoring.
87,Ethical standards,ethical standards,behavioral_or_personality,conditional,low,False,True,Use a 1-5 ordinal scale based on direct conversational evidence. Do not infer stable traits from isolated statements.,"Score only when the conversation provides direct, specific evidence about the speaker."
88,High-spiritedness,high-spiritedness,behavioral_or_personality,conditional,low,False,True,Use a 1-5 ordinal scale based on direct conversational evidence. Do not infer stable traits from isolated statements.,"Score only when the conversation provides direct, specific evidence about the speaker."
89,Critical reasoning,critical reasoning,skill_or_ability,conditional,low,False,True,Use a 1-5 ordinal scale based on demonstrated or explicitly described ability. Do not infer competence from interest alone.,"Score only when the conversation provides direct, specific evidence about the speaker."
90,Sleep-disorder diagnosis,sleep-disorder diagnosis,medical_or_biological,not_observable,high,False,False,,"Requires medical, laboratory, genetic, diagnostic, or other external evidence."
91,Listening Skills Subcomponents:,listening skills subcomponents,header_or_malformed,not_observable,low,True,False,,Header-like or malformed catalogue entry; excluded from retrieval and scoring.
92,Collaboration,collaboration,behavioral_or_personality,conditional,low,False,True,Use a 1-5 ordinal scale based on direct conversational evidence. Do not infer stable traits from isolated statements.,"Score only when the conversation provides direct, specific evidence about the speaker."
93,Precision of Movements,precision of movements,behavioral_or_personality,conditional,low,False,True,Use a 1-5 ordinal scale based on direct conversational evidence. Do not infer stable traits from isolated statements.,"Score only when the conversation provides direct, specific evidence about the speaker."
94,Social Boldness,social boldness,behavioral_or_personality,conditional,low,False,True,Use a 1-5 ordinal scale based on direct conversational evidence. Do not infer stable traits from isolated statements.,"Score only when the conversation provides direct, specific evidence about the speaker."
95,Auditory memory,auditory memory,skill_or_ability,conditional,low,False,True,Use a 1-5 ordinal scale based on demonstrated or explicitly described ability. Do not infer competence from interest alone.,"Score only when the conversation provides direct, specific evidence about the speaker."
96,Psychomotor Ability Subcomponents:,psychomotor ability subcomponents,header_or_malformed,not_observable,low,True,False,,Header-like or malformed catalogue entry; excluded from retrieval and scoring.
97,Organized lifestyle,organized lifestyle,behavioral_or_personality,conditional,low,False,True,Use a 1-5 ordinal scale based on direct conversational evidence. Do not infer stable traits from isolated statements.,"Score only when the conversation provides direct, specific evidence about the speaker."
98,Skill-endorsements count,skill-endorsements count,biographical_or_external_fact,conditional,medium,False,True,Use a 1-5 ordinal scale based on direct conversational evidence. Do not infer stable traits from isolated statements.,"Score only when the conversation provides direct, specific evidence about the speaker."
99,Mysteriousness,mysteriousness,behavioral_or_personality,conditional,low,False,True,Use a 1-5 ordinal scale based on direct conversational evidence. Do not infer stable traits from isolated statements.,"Score only when the conversation provides direct, specific evidence about the speaker."
100,Cultural Identity,cultural identity,behavioral_or_personality,conditional,high,False,True,Use a 1-5 ordinal scale based on direct conversational evidence. Do not infer stable traits from isolated statements.,"Score only when the conversation provides direct, specific evidence about the speaker."
101,Intrinsic Motivation,intrinsic motivation,preference_or_attitude,conditional,low,False,True,Use a 1-5 ordinal scale based on explicit statements or repeated direct evidence. Abstain when preference is unclear.,"Score only when the conversation provides direct, specific evidence about the speaker."
102,Impartial-mindedness,impartial-mindedness,behavioral_or_personality,conditional,low,False,True,Use a 1-5 ordinal scale based on direct conversational evidence. Do not infer stable traits from isolated statements.,"Score only when the conversation provides direct, specific evidence about the speaker."
103,Burnout Symptoms,burnout symptoms,psychological_or_mental_health,not_observable,high,False,False,,Should not be diagnosed or assigned from ordinary conversational text alone.
104,Holiness,holiness,spiritual_or_religious_practice,conditional,medium,False,True,Use a 1-5 ordinal scale based on direct conversational evidence. Do not infer stable traits from isolated statements.,"Score only when the conversation provides direct, specific evidence about the speaker."
105,Selfcontrol,selfcontrol,behavioral_or_personality,conditional,low,False,True,Use a 1-5 ordinal scale based on direct conversational evidence. Do not infer stable traits from isolated statements.,"Score only when the conversation provides direct, specific evidence about the speaker."
106,SelfDirectedness,self directedness,behavioral_or_personality,conditional,low,False,True,Use a 1-5 ordinal scale based on direct conversational evidence. Do not infer stable traits from isolated statements.,"Score only when the conversation provides direct, specific evidence about the speaker."
107,Encouraging participation,encouraging participation,behavioral_or_personality,conditional,low,False,True,Use a 1-5 ordinal scale based on direct conversational evidence. Do not infer stable traits from isolated statements.,"Score only when the conversation provides direct, specific evidence about the speaker."
108,Impracticalness,impracticalness,behavioral_or_personality,conditional,low,False,True,Use a 1-5 ordinal scale based on direct conversational evidence. Do not infer stable traits from isolated statements.,"Score only when the conversation provides direct, specific evidence about the speaker."
109,Meeting Deadlines,meeting deadlines,behavioral_or_personality,conditional,low,False,True,Use a 1-5 ordinal scale based on direct conversational evidence. Do not infer stable traits from isolated statements.,"Score only when the conversation provides direct, specific evidence about the speaker."
110,Data Analysis,data analysis,skill_or_ability,conditional,low,False,True,Use a 1-5 ordinal scale based on demonstrated or explicitly described ability. Do not infer competence from interest alone.,"Score only when the conversation provides direct, specific evidence about the speaker."
111,Social Interaction Skills,social interaction skills,skill_or_ability,conditional,low,False,True,Use a 1-5 ordinal scale based on demonstrated or explicitly described ability. Do not infer competence from interest alone.,"Score only when the conversation provides direct, specific evidence about the speaker."
112,Psychoticism,psychoticism,psychological_or_mental_health,not_observable,high,False,False,,Should not be diagnosed or assigned from ordinary conversational text alone.
113,Ethical leadership rating,ethical leadership rating,behavioral_or_personality,conditional,low,False,True,Use a 1-5 ordinal scale based on direct conversational evidence. Do not infer stable traits from isolated statements.,"Score only when the conversation provides direct, specific evidence about the speaker."
114,Slothfulness,slothfulness,behavioral_or_personality,conditional,low,False,True,Use a 1-5 ordinal scale based on direct conversational evidence. Do not infer stable traits from isolated statements.,"Score only when the conversation provides direct, specific evidence about the speaker."
115,Happiness,happiness,behavioral_or_personality,conditional,low,False,True,Use a 1-5 ordinal scale based on direct conversational evidence. Do not infer stable traits from isolated statements.,"Score only when the conversation provides direct, specific evidence about the speaker."
116,Contentment Levels,contentment levels,behavioral_or_personality,conditional,low,False,True,Use a 1-5 ordinal scale based on direct conversational evidence. Do not infer stable traits from isolated statements.,"Score only when the conversation provides direct, specific evidence about the speaker."
117,Neuroticism,neuroticism,behavioral_or_personality,conditional,low,False,True,Use a 1-5 ordinal scale based on direct conversational evidence. Do not infer stable traits from isolated statements.,"Score only when the conversation provides direct, specific evidence about the speaker."
118,Desire for excellence,desire for excellence,preference_or_attitude,conditional,low,False,True,Use a 1-5 ordinal scale based on explicit statements or repeated direct evidence. Abstain when preference is unclear.,"Score only when the conversation provides direct, specific evidence about the speaker."
119,Perceiving,perceiving,behavioral_or_personality,conditional,low,False,True,Use a 1-5 ordinal scale based on direct conversational evidence. Do not infer stable traits from isolated statements.,"Score only when the conversation provides direct, specific evidence about the speaker."
120,Liberalism,liberalism,behavioral_or_personality,conditional,low,False,True,Use a 1-5 ordinal scale based on direct conversational evidence. Do not infer stable traits from isolated statements.,"Score only when the conversation provides direct, specific evidence about the speaker."
121,Inversion comfort level,inversion comfort level,behavioral_or_personality,conditional,low,False,True,Use a 1-5 ordinal scale based on direct conversational evidence. Do not infer stable traits from isolated statements.,"Score only when the conversation provides direct, specific evidence about the speaker."
122,Affection,affection,behavioral_or_personality,conditional,low,False,True,Use a 1-5 ordinal scale based on direct conversational evidence. Do not infer stable traits from isolated statements.,"Score only when the conversation provides direct, specific evidence about the speaker."
123,Numeric Filing Skills,numeric filing skills,skill_or_ability,conditional,low,False,True,Use a 1-5 ordinal scale based on demonstrated or explicitly described ability. Do not infer competence from interest alone.,"Score only when the conversation provides direct, specific evidence about the speaker."
124,Martyrdom,martyrdom,behavioral_or_personality,conditional,low,False,True,Use a 1-5 ordinal scale based on direct conversational evidence. Do not infer stable traits from isolated statements.,"Score only when the conversation provides direct, specific evidence about the speaker."
125,Parathyroid-hormone level,parathyroid-hormone level,medical_or_biological,not_observable,high,False,False,,"Requires medical, laboratory, genetic, diagnostic, or other external evidence."
126,Seeking approval,seeking approval,behavioral_or_personality,conditional,low,False,True,Use a 1-5 ordinal scale based on direct conversational evidence. Do not infer stable traits from isolated statements.,"Score only when the conversation provides direct, specific evidence about the speaker."
127,Judging (J):,judging (j),header_or_malformed,not_observable,low,True,False,,Header-like or malformed catalogue entry; excluded from retrieval and scoring.
128,Big Five facet Openness – Artistic Interests,big five facet openness - artistic interests,behavioral_or_personality,conditional,low,False,True,Use a 1-5 ordinal scale based on direct conversational evidence. Do not infer stable traits from isolated statements.,"Score only when the conversation provides direct, specific evidence about the speaker."
129,Psychological construct: Operant-Learning rate,psychological construct: operant-learning rate,behavioral_or_personality,conditional,low,False,True,Use a 1-5 ordinal scale based on direct conversational evidence. Do not infer stable traits from isolated statements.,"Score only when the conversation provides direct, specific evidence about the speaker."
130,Psychological construct: Need for Achievement level,psychological construct: need for achievement level,behavioral_or_personality,conditional,low,False,True,Use a 1-5 ordinal scale based on direct conversational evidence. Do not infer stable traits from isolated statements.,"Score only when the conversation provides direct, specific evidence about the speaker."
131,Cantankerousness,cantankerousness,behavioral_or_personality,conditional,low,False,True,Use a 1-5 ordinal scale based on direct conversational evidence. Do not infer stable traits from isolated statements.,"Score only when the conversation provides direct, specific evidence about the speaker."
132,Material properties knowledge,material properties knowledge,skill_or_ability,conditional,low,False,True,Use a 1-5 ordinal scale based on demonstrated or explicitly described ability. Do not infer competence from interest alone.,"Score only when the conversation provides direct, specific evidence about the speaker."
133,Hostility,hostility,behavioral_or_personality,conditional,low,False,True,Use a 1-5 ordinal scale based on direct conversational evidence. Do not infer stable traits from isolated statements.,"Score only when the conversation provides direct, specific evidence about the speaker."
134,Independence,independence,behavioral_or_personality,conditional,low,False,True,Use a 1-5 ordinal scale based on direct conversational evidence. Do not infer stable traits from isolated statements.,"Score only when the conversation provides direct, specific evidence about the speaker."
135,800. Sufi practice: Sufi retreat attendance count,sufi practice: sufi retreat attendance count,spiritual_or_religious_practice,conditional,medium,False,True,Use a 1-5 ordinal scale based on direct conversational evidence. Do not infer stable traits from isolated statements.,"Score only when the conversation provides direct, specific evidence about the speaker."
136,Chromatin-accessibility score,chromatin-accessibility score,medical_or_biological,not_observable,high,False,False,,"Requires medical, laboratory, genetic, diagnostic, or other external evidence."
137,644. Spiritual virtue: Humility practice index,spiritual virtue: humility practice index,spiritual_or_religious_practice,conditional,medium,False,True,Use a 1-5 ordinal scale based on direct conversational evidence. Do not infer stable traits from isolated statements.,"Score only when the conversation provides direct, specific evidence about the speaker."
138,754. I Ching hexagram 36 resonance level,i ching hexagram 36 resonance level,spiritual_or_religious_practice,conditional,medium,False,True,Use a 1-5 ordinal scale based on direct conversational evidence. Do not infer stable traits from isolated statements.,"Score only when the conversation provides direct, specific evidence about the speaker."
139,Well-being component: Engagement,well-being component: engagement,behavioral_or_personality,conditional,low,False,True,Use a 1-5 ordinal scale based on direct conversational evidence. Do not infer stable traits from isolated statements.,"Score only when the conversation provides direct, specific evidence about the speaker."
140,Need for social interaction,need for social interaction,behavioral_or_personality,conditional,low,False,True,Use a 1-5 ordinal scale based on direct conversational evidence. Do not infer stable traits from isolated statements.,"Score only when the conversation provides direct, specific evidence about the speaker."
141,Peer-collaboration hours,peer-collaboration hours,biographical_or_external_fact,conditional,medium,False,True,Use a 1-5 ordinal scale based on direct conversational evidence. Do not infer stable traits from isolated statements.,"Score only when the conversation provides direct, specific evidence about the speaker."
142,Arts and Humanities,arts and humanities,behavioral_or_personality,conditional,low,False,True,Use a 1-5 ordinal scale based on direct conversational evidence. Do not infer stable traits from isolated statements.,"Score only when the conversation provides direct, specific evidence about the speaker."
143,596. Religious practice: Quran khatam cycles per year,religious practice: quran khatam cycles per year,spiritual_or_religious_practice,conditional,medium,False,True,Use a 1-5 ordinal scale based on direct conversational evidence. Do not infer stable traits from isolated statements.,"Score only when the conversation provides direct, specific evidence about the speaker."
144,926. Bahá’í spiritual metric: Ridván festival participation,bahá’í spiritual metric: ridván festival participation,spiritual_or_religious_practice,conditional,medium,False,True,Use a 1-5 ordinal scale based on direct conversational evidence. Do not infer stable traits from isolated statements.,"Score only when the conversation provides direct, specific evidence about the speaker."
145,Compassion,compassion,behavioral_or_personality,conditional,low,False,True,Use a 1-5 ordinal scale based on direct conversational evidence. Do not infer stable traits from isolated statements.,"Score only when the conversation provides direct, specific evidence about the speaker."
146,Information Retention,information retention,skill_or_ability,conditional,low,False,True,Use a 1-5 ordinal scale based on demonstrated or explicitly described ability. Do not infer competence from interest alone.,"Score only when the conversation provides direct, specific evidence about the speaker."
147,Eye-contact duration,eye-contact duration,communication_or_interaction,conditional,low,False,True,Use a 1-5 ordinal scale based only on directly observable conversational evidence. Abstain when the sample is too short or unrepresentative.,"Score only when the conversation provides direct, specific evidence about the speaker."
148,Self-righteousness,self-righteousness,behavioral_or_personality,conditional,low,False,True,Use a 1-5 ordinal scale based on direct conversational evidence. Do not infer stable traits from isolated statements.,"Score only when the conversation provides direct, specific evidence about the speaker."
149,General Mood and Attitude,general mood and attitude,preference_or_attitude,conditional,low,False,True,Use a 1-5 ordinal scale based on explicit statements or repeated direct evidence. Abstain when preference is unclear.,"Score only when the conversation provides direct, specific evidence about the speaker."
150,Serotonin transporter availability,serotonin transporter availability,medical_or_biological,not_observable,high,False,False,,"Requires medical, laboratory, genetic, diagnostic, or other external evidence."
151,Contribution to Group Goals,contribution to group goals,behavioral_or_personality,conditional,low,False,True,Use a 1-5 ordinal scale based on direct conversational evidence. Do not infer stable traits from isolated statements.,"Score only when the conversation provides direct, specific evidence about the speaker."
152,Dignity,dignity,behavioral_or_personality,conditional,low,False,True,Use a 1-5 ordinal scale based on direct conversational evidence. Do not infer stable traits from isolated statements.,"Score only when the conversation provides direct, specific evidence about the speaker."
153,HEXACO Personality Inventory Facets:,hexaco personality inventory facets,header_or_malformed,not_observable,low,True,False,,Header-like or malformed catalogue entry; excluded from retrieval and scoring.
154,Evaluating Solutions,evaluating solutions,behavioral_or_personality,conditional,low,False,True,Use a 1-5 ordinal scale based on direct conversational evidence. Do not infer stable traits from isolated statements.,"Score only when the conversation provides direct, specific evidence about the speaker."
155,Input,input,behavioral_or_personality,conditional,low,False,True,Use a 1-5 ordinal scale based on direct conversational evidence. Do not infer stable traits from isolated statements.,"Score only when the conversation provides direct, specific evidence about the speaker."
156,Discreteness,discreteness,behavioral_or_personality,conditional,low,False,True,Use a 1-5 ordinal scale based on direct conversational evidence. Do not infer stable traits from isolated statements.,"Score only when the conversation provides direct, specific evidence about the speaker."
157,607. Energy-healing practice: Reiki sessions / year,energy-healing practice: reiki sessions / year,spiritual_or_religious_practice,conditional,medium,False,True,Use a 1-5 ordinal scale based on direct conversational evidence. Do not infer stable traits from isolated statements.,"Score only when the conversation provides direct, specific evidence about the speaker."
158,692. Astrology: Rising sign is Scorpio,astrology: rising sign is scorpio,spiritual_or_religious_practice,conditional,medium,False,True,Use a 1-5 ordinal scale based on direct conversational evidence. Do not infer stable traits from isolated statements.,"Score only when the conversation provides direct, specific evidence about the speaker."
159,Character strength: Social Intelligence,character strength: social intelligence,behavioral_or_personality,conditional,low,False,True,Use a 1-5 ordinal scale based on direct conversational evidence. Do not infer stable traits from isolated statements.,"Score only when the conversation provides direct, specific evidence about the speaker."
160,Bravery,bravery,behavioral_or_personality,conditional,low,False,True,Use a 1-5 ordinal scale based on direct conversational evidence. Do not infer stable traits from isolated statements.,"Score only when the conversation provides direct, specific evidence about the speaker."
161,Childhood Experiences,childhood experiences,behavioral_or_personality,conditional,high,False,True,Use a 1-5 ordinal scale based on direct conversational evidence. Do not infer stable traits from isolated statements.,"Score only when the conversation provides direct, specific evidence about the speaker."
162,Data-sharing consent level,data-sharing consent level,behavioral_or_personality,conditional,low,False,True,Use a 1-5 ordinal scale based on direct conversational evidence. Do not infer stable traits from isolated statements.,"Score only when the conversation provides direct, specific evidence about the speaker."
163,Vision-check frequency,vision-check frequency,medical_or_biological,not_observable,high,False,False,,"Requires medical, laboratory, genetic, diagnostic, or other external evidence."
164,Physical-violence exposure,physical-violence exposure,behavioral_or_personality,conditional,high,False,True,Use a 1-5 ordinal scale based on direct conversational evidence. Do not infer stable traits from isolated statements.,"Score only when the conversation provides direct, specific evidence about the speaker."
165,Macronutrient ratio: fat,macronutrient ratio: fat,medical_or_biological,not_observable,high,False,False,,"Requires medical, laboratory, genetic, diagnostic, or other external evidence."
166,Cooking and Culinary Arts,cooking and culinary arts,behavioral_or_personality,conditional,low,False,True,Use a 1-5 ordinal scale based on direct conversational evidence. Do not infer stable traits from isolated statements.,"Score only when the conversation provides direct, specific evidence about the speaker."
167,Language use,language use,communication_or_interaction,conditional,low,False,True,Use a 1-5 ordinal scale based only on directly observable conversational evidence. Abstain when the sample is too short or unrepresentative.,"Score only when the conversation provides direct, specific evidence about the speaker."
168,Dance-style mastery diversity,dance-style mastery diversity,behavioral_or_personality,conditional,low,False,True,Use a 1-5 ordinal scale based on direct conversational evidence. Do not infer stable traits from isolated statements.,"Score only when the conversation provides direct, specific evidence about the speaker."
169,Satya Adherence,satya adherence,spiritual_or_religious_practice,conditional,medium,False,True,Use a 1-5 ordinal scale based on direct conversational evidence. Do not infer stable traits from isolated statements.,"Score only when the conversation provides direct, specific evidence about the speaker."
170,Ethnocentrism,ethnocentrism,behavioral_or_personality,conditional,low,False,True,Use a 1-5 ordinal scale based on direct conversational evidence. Do not infer stable traits from isolated statements.,"Score only when the conversation provides direct, specific evidence about the speaker."
171,Emotional Boundaries,emotional boundaries,behavioral_or_personality,conditional,low,False,True,Use a 1-5 ordinal scale based on direct conversational evidence. Do not infer stable traits from isolated statements.,"Score only when the conversation provides direct, specific evidence about the speaker."
172,Creativity in solutions,creativity in solutions,behavioral_or_personality,conditional,low,False,True,Use a 1-5 ordinal scale based on direct conversational evidence. Do not infer stable traits from isolated statements.,"Score only when the conversation provides direct, specific evidence about the speaker."
173,Psychological construct: Hope scale,psychological construct: hope scale,behavioral_or_personality,conditional,low,False,True,Use a 1-5 ordinal scale based on direct conversational evidence. Do not infer stable traits from isolated statements.,"Score only when the conversation provides direct, specific evidence about the speaker."
174,565. Practice frequency: Walking meditation,practice frequency: walking meditation,biographical_or_external_fact,conditional,medium,False,True,Use a 1-5 ordinal scale based on direct conversational evidence. Do not infer stable traits from isolated statements.,"Score only when the conversation provides direct, specific evidence about the speaker."
175,Depression (DEP),depression (dep),psychological_or_mental_health,not_observable,high,False,False,,Should not be diagnosed or assigned from ordinary conversational text alone.
176,Understanding Mathematical Concepts,understanding mathematical concepts,skill_or_ability,conditional,low,False,True,Use a 1-5 ordinal scale based on demonstrated or explicitly described ability. Do not infer competence from interest alone.,"Score only when the conversation provides direct, specific evidence about the speaker."
177,Hypomania (Ma),hypomania (ma),psychological_or_mental_health,not_observable,high,False,False,,Should not be diagnosed or assigned from ordinary conversational text alone.
178,Goal-Directed Behavior,goal-directed behavior,behavioral_or_personality,conditional,low,False,True,Use a 1-5 ordinal scale based on direct conversational evidence. Do not infer stable traits from isolated statements.,"Score only when the conversation provides direct, specific evidence about the speaker."
179,Depth of Emotional Connections,depth of emotional connections,behavioral_or_personality,conditional,low,False,True,Use a 1-5 ordinal scale based on direct conversational evidence. Do not infer stable traits from isolated statements.,"Score only when the conversation provides direct, specific evidence about the speaker."
180,Binding foundations index,binding foundations index,behavioral_or_personality,conditional,low,False,True,Use a 1-5 ordinal scale based on direct conversational evidence. Do not infer stable traits from isolated statements.,"Score only when the conversation provides direct, specific evidence about the speaker."
181,Ego Dissolution Frequency,ego dissolution frequency,biographical_or_external_fact,conditional,medium,False,True,Use a 1-5 ordinal scale based on direct conversational evidence. Do not infer stable traits from isolated statements.,"Score only when the conversation provides direct, specific evidence about the speaker."
182,Activator: Turning thoughts into action,activator: turning thoughts into action,behavioral_or_personality,conditional,low,False,True,Use a 1-5 ordinal scale based on direct conversational evidence. Do not infer stable traits from isolated statements.,"Score only when the conversation provides direct, specific evidence about the speaker."
183,967. Gnostic spiritual metric: Archon meditation frequency,gnostic spiritual metric: archon meditation frequency,spiritual_or_religious_practice,conditional,medium,False,True,Use a 1-5 ordinal scale based on direct conversational evidence. Do not infer stable traits from isolated statements.,"Score only when the conversation provides direct, specific evidence about the speaker."
184,Exemplariness,exemplariness,behavioral_or_personality,conditional,low,False,True,Use a 1-5 ordinal scale based on direct conversational evidence. Do not infer stable traits from isolated statements.,"Score only when the conversation provides direct, specific evidence about the speaker."
185,Moral and Ethical Parameters:,moral and ethical parameters,header_or_malformed,not_observable,low,True,False,,Header-like or malformed catalogue entry; excluded from retrieval and scoring.
186,Submission:,submission,header_or_malformed,not_observable,low,True,False,,Header-like or malformed catalogue entry; excluded from retrieval and scoring.
187,Frankness,frankness,communication_or_interaction,conditional,low,False,True,Use a 1-5 ordinal scale based only on directly observable conversational evidence. Abstain when the sample is too short or unrepresentative.,"Score only when the conversation provides direct, specific evidence about the speaker."
188,Psychological construct: Psychological Safety climate,psychological construct: psychological safety climate,behavioral_or_personality,conditional,low,False,True,Use a 1-5 ordinal scale based on direct conversational evidence. Do not infer stable traits from isolated statements.,"Score only when the conversation provides direct, specific evidence about the speaker."
189,Psychological construct: Self-Compassion total,psychological construct: self-compassion total,behavioral_or_personality,conditional,low,False,True,Use a 1-5 ordinal scale based on direct conversational evidence. Do not infer stable traits from isolated statements.,"Score only when the conversation provides direct, specific evidence about the speaker."
190,Psychological construct: Executive-Function composite,psychological construct: executive-function composite,behavioral_or_personality,conditional,low,False,True,Use a 1-5 ordinal scale based on direct conversational evidence. Do not infer stable traits from isolated statements.,"Score only when the conversation provides direct, specific evidence about the speaker."
191,Rebelliousness,rebelliousness,behavioral_or_personality,conditional,low,False,True,Use a 1-5 ordinal scale based on direct conversational evidence. Do not infer stable traits from isolated statements.,"Score only when the conversation provides direct, specific evidence about the speaker."
192,Volunteer Work,volunteer work,behavioral_or_personality,conditional,low,False,True,Use a 1-5 ordinal scale based on direct conversational evidence. Do not infer stable traits from isolated statements.,"Score only when the conversation provides direct, specific evidence about the speaker."
193,Intellect,intellect,behavioral_or_personality,conditional,low,False,True,Use a 1-5 ordinal scale based on direct conversational evidence. Do not infer stable traits from isolated statements.,"Score only when the conversation provides direct, specific evidence about the speaker."
194,Use of Mathematical Formulas,use of mathematical formulas,skill_or_ability,conditional,low,False,True,Use a 1-5 ordinal scale based on demonstrated or explicitly described ability. Do not infer competence from interest alone.,"Score only when the conversation provides direct, specific evidence about the speaker."
195,Coarseness,coarseness,behavioral_or_personality,conditional,low,False,True,Use a 1-5 ordinal scale based on direct conversational evidence. Do not infer stable traits from isolated statements.,"Score only when the conversation provides direct, specific evidence about the speaker."
196,Behavioral Tendencies and Subcomponents:,behavioral tendencies and subcomponents,header_or_malformed,not_observable,low,True,False,,Header-like or malformed catalogue entry; excluded from retrieval and scoring.
197,Sensitivity,sensitivity,behavioral_or_personality,conditional,low,False,True,Use a 1-5 ordinal scale based on direct conversational evidence. Do not infer stable traits from isolated statements.,"Score only when the conversation provides direct, specific evidence about the speaker."
198,Divided Attention Ability,divided attention ability,skill_or_ability,conditional,low,False,True,Use a 1-5 ordinal scale based on demonstrated or explicitly described ability. Do not infer competence from interest alone.,"Score only when the conversation provides direct, specific evidence about the speaker."
199,Psychological construct: Acculturative Stress score,psychological construct: acculturative stress score,psychological_or_mental_health,not_observable,high,False,False,,Should not be diagnosed or assigned from ordinary conversational text alone.
200,Dauntlessness,dauntlessness,behavioral_or_personality,conditional,low,False,True,Use a 1-5 ordinal scale based on direct conversational evidence. Do not infer stable traits from isolated statements.,"Score only when the conversation provides direct, specific evidence about the speaker."
201,Concreteness,concreteness,behavioral_or_personality,conditional,low,False,True,Use a 1-5 ordinal scale based on direct conversational evidence. Do not infer stable traits from isolated statements.,"Score only when the conversation provides direct, specific evidence about the speaker."
202,Hysteria (Hy),hysteria (hy),psychological_or_mental_health,not_observable,high,False,False,,Should not be diagnosed or assigned from ordinary conversational text alone.
203,911. Jewish spiritual metric: Sukkot lulav-shaking days,jewish spiritual metric: sukkot lulav-shaking days,spiritual_or_religious_practice,conditional,medium,False,True,Use a 1-5 ordinal scale based on direct conversational evidence. Do not infer stable traits from isolated statements.,"Score only when the conversation provides direct, specific evidence about the speaker."
204,Sentence Structure,sentence structure,communication_or_interaction,conditional,low,False,True,Use a 1-5 ordinal scale based only on directly observable conversational evidence. Abstain when the sample is too short or unrepresentative.,"Score only when the conversation provides direct, specific evidence about the speaker."
205,Esteem Needs,esteem needs,preference_or_attitude,conditional,low,False,True,Use a 1-5 ordinal scale based on explicit statements or repeated direct evidence. Abstain when preference is unclear.,"Score only when the conversation provides direct, specific evidence about the speaker."
206,Understanding mechanical concepts,understanding mechanical concepts,skill_or_ability,conditional,low,False,True,Use a 1-5 ordinal scale based on demonstrated or explicitly described ability. Do not infer competence from interest alone.,"Score only when the conversation provides direct, specific evidence about the speaker."
207,Auditory Memory Recall,auditory memory recall,skill_or_ability,conditional,low,False,True,Use a 1-5 ordinal scale based on demonstrated or explicitly described ability. Do not infer competence from interest alone.,"Score only when the conversation provides direct, specific evidence about the speaker."
208,Storytelling proficiency,storytelling proficiency,communication_or_interaction,conditional,low,False,True,Use a 1-5 ordinal scale based only on directly observable conversational evidence. Abstain when the sample is too short or unrepresentative.,"Score only when the conversation provides direct, specific evidence about the speaker."
209,Music-lessons years,music-lessons years,biographical_or_external_fact,conditional,medium,False,True,Use a 1-5 ordinal scale based on direct conversational evidence. Do not infer stable traits from isolated statements.,"Score only when the conversation provides direct, specific evidence about the speaker."
210,Warmheartedness,warmheartedness,behavioral_or_personality,conditional,low,False,True,Use a 1-5 ordinal scale based on direct conversational evidence. Do not infer stable traits from isolated statements.,"Score only when the conversation provides direct, specific evidence about the speaker."
211,Self-effacement,self-effacement,behavioral_or_personality,conditional,low,False,True,Use a 1-5 ordinal scale based on direct conversational evidence. Do not infer stable traits from isolated statements.,"Score only when the conversation provides direct, specific evidence about the speaker."
212,Outspokenness,outspokenness,communication_or_interaction,conditional,low,False,True,Use a 1-5 ordinal scale based only on directly observable conversational evidence. Abstain when the sample is too short or unrepresentative.,"Score only when the conversation provides direct, specific evidence about the speaker."
213,Sleep-environment temperature,sleep-environment temperature,behavioral_or_personality,conditional,low,False,True,Use a 1-5 ordinal scale based on direct conversational evidence. Do not infer stable traits from isolated statements.,"Score only when the conversation provides direct, specific evidence about the speaker."
214,Comprehension of spoken information,comprehension of spoken information,skill_or_ability,conditional,low,False,True,Use a 1-5 ordinal scale based on demonstrated or explicitly described ability. Do not infer competence from interest alone.,"Score only when the conversation provides direct, specific evidence about the speaker."
215,Blissfulness,blissfulness,behavioral_or_personality,conditional,low,False,True,Use a 1-5 ordinal scale based on direct conversational evidence. Do not infer stable traits from isolated statements.,"Score only when the conversation provides direct, specific evidence about the speaker."
216,Sequential Memory Recall,sequential memory recall,skill_or_ability,conditional,low,False,True,Use a 1-5 ordinal scale based on demonstrated or explicitly described ability. Do not infer competence from interest alone.,"Score only when the conversation provides direct, specific evidence about the speaker."
217,Withdrawnness,withdrawnness,behavioral_or_personality,conditional,low,False,True,Use a 1-5 ordinal scale based on direct conversational evidence. Do not infer stable traits from isolated statements.,"Score only when the conversation provides direct, specific evidence about the speaker."
218,892. Hindu spiritual metric: Yoga discipline hours / week,hindu spiritual metric: yoga discipline hours / week,spiritual_or_religious_practice,conditional,medium,False,True,Use a 1-5 ordinal scale based on direct conversational evidence. Do not infer stable traits from isolated statements.,"Score only when the conversation provides direct, specific evidence about the speaker."
219,Conservatism,conservatism,behavioral_or_personality,conditional,low,False,True,Use a 1-5 ordinal scale based on direct conversational evidence. Do not infer stable traits from isolated statements.,"Score only when the conversation provides direct, specific evidence about the speaker."
220,Adaptability and Flexibility Subcomponents:,adaptability and flexibility subcomponents,header_or_malformed,not_observable,low,True,False,,Header-like or malformed catalogue entry; excluded from retrieval and scoring.
221,898. Hindu spiritual metric: Vrata vows observed / year,hindu spiritual metric: vrata vows observed / year,spiritual_or_religious_practice,conditional,medium,False,True,Use a 1-5 ordinal scale based on direct conversational evidence. Do not infer stable traits from isolated statements.,"Score only when the conversation provides direct, specific evidence about the speaker."
222,Ardency,ardency,behavioral_or_personality,conditional,low,False,True,Use a 1-5 ordinal scale based on direct conversational evidence. Do not infer stable traits from isolated statements.,"Score only when the conversation provides direct, specific evidence about the speaker."
223,Aesthetic Appreciation,aesthetic appreciation,behavioral_or_personality,conditional,low,False,True,Use a 1-5 ordinal scale based on direct conversational evidence. Do not infer stable traits from isolated statements.,"Score only when the conversation provides direct, specific evidence about the speaker."
224,Transactional Leadership:,transactional leadership,header_or_malformed,not_observable,low,True,False,,Header-like or malformed catalogue entry; excluded from retrieval and scoring.
225,Value orientation: Universalism,value orientation: universalism,preference_or_attitude,conditional,low,False,True,Use a 1-5 ordinal scale based on explicit statements or repeated direct evidence. Abstain when preference is unclear.,"Score only when the conversation provides direct, specific evidence about the speaker."
226,Perseverance,perseverance,behavioral_or_personality,conditional,low,False,True,Use a 1-5 ordinal scale based on direct conversational evidence. Do not infer stable traits from isolated statements.,"Score only when the conversation provides direct, specific evidence about the speaker."
227,Regularity of Self-Reflection,regularity of self-reflection,behavioral_or_personality,conditional,low,False,True,Use a 1-5 ordinal scale based on direct conversational evidence. Do not infer stable traits from isolated statements.,"Score only when the conversation provides direct, specific evidence about the speaker."
228,Controlling Reactions,controlling reactions,behavioral_or_personality,conditional,low,False,True,Use a 1-5 ordinal scale based on direct conversational evidence. Do not infer stable traits from isolated statements.,"Score only when the conversation provides direct, specific evidence about the speaker."
229,Psychological construct: Cultural Intelligence – Behavioral,psychological construct: cultural intelligence - behavioral,behavioral_or_personality,conditional,low,False,True,Use a 1-5 ordinal scale based on direct conversational evidence. Do not infer stable traits from isolated statements.,"Score only when the conversation provides direct, specific evidence about the speaker."
230,Metabolic Rate (Low or High),metabolic rate (low or high),medical_or_biological,not_observable,high,False,False,,"Requires medical, laboratory, genetic, diagnostic, or other external evidence."
231,Dietary Habits,dietary habits,behavioral_or_personality,conditional,low,False,True,Use a 1-5 ordinal scale based on direct conversational evidence. Do not infer stable traits from isolated statements.,"Score only when the conversation provides direct, specific evidence about the speaker."
232,Significance: Desire to make an impact,significance: desire to make an impact,preference_or_attitude,conditional,low,False,True,Use a 1-5 ordinal scale based on explicit statements or repeated direct evidence. Abstain when preference is unclear.,"Score only when the conversation provides direct, specific evidence about the speaker."
233,Psychological construct: Resilience-Trait score,psychological construct: resilience-trait score,behavioral_or_personality,conditional,low,False,True,Use a 1-5 ordinal scale based on direct conversational evidence. Do not infer stable traits from isolated statements.,"Score only when the conversation provides direct, specific evidence about the speaker."
234,Boredom Susceptibility,boredom susceptibility,behavioral_or_personality,conditional,low,False,True,Use a 1-5 ordinal scale based on direct conversational evidence. Do not infer stable traits from isolated statements.,"Score only when the conversation provides direct, specific evidence about the speaker."
235,Psychological construct: Consummatory Pleasure scale,psychological construct: consummatory pleasure scale,behavioral_or_personality,conditional,low,False,True,Use a 1-5 ordinal scale based on direct conversational evidence. Do not infer stable traits from isolated statements.,"Score only when the conversation provides direct, specific evidence about the speaker."
236,Leadership Styles and Behaviors:,leadership styles and behaviors,header_or_malformed,not_observable,low,True,False,,Header-like or malformed catalogue entry; excluded from retrieval and scoring.
237,723. I Ching hexagram 5 resonance level,i ching hexagram 5 resonance level,spiritual_or_religious_practice,conditional,medium,False,True,Use a 1-5 ordinal scale based on direct conversational evidence. Do not infer stable traits from isolated statements.,"Score only when the conversation provides direct, specific evidence about the speaker."
238,Macronutrient ratio: carbs,macronutrient ratio: carbs,medical_or_biological,not_observable,high,False,False,,"Requires medical, laboratory, genetic, diagnostic, or other external evidence."
239,Passport-stamps count,passport-stamps count,biographical_or_external_fact,conditional,medium,False,True,Use a 1-5 ordinal scale based on direct conversational evidence. Do not infer stable traits from isolated statements.,"Score only when the conversation provides direct, specific evidence about the speaker."
240,Local-food sourcing %,local-food sourcing %,behavioral_or_personality,conditional,low,False,True,Use a 1-5 ordinal scale based on direct conversational evidence. Do not infer stable traits from isolated statements.,"Score only when the conversation provides direct, specific evidence about the speaker."
241,Patient care orientation,patient care orientation,preference_or_attitude,conditional,low,False,True,Use a 1-5 ordinal scale based on explicit statements or repeated direct evidence. Abstain when preference is unclear.,"Score only when the conversation provides direct, specific evidence about the speaker."
242,Soft-skill training hours,soft-skill training hours,biographical_or_external_fact,conditional,medium,False,True,Use a 1-5 ordinal scale based on direct conversational evidence. Do not infer stable traits from isolated statements.,"Score only when the conversation provides direct, specific evidence about the speaker."
243,Graffiti appreciation,graffiti appreciation,behavioral_or_personality,conditional,low,False,True,Use a 1-5 ordinal scale based on direct conversational evidence. Do not infer stable traits from isolated statements.,"Score only when the conversation provides direct, specific evidence about the speaker."
244,Preference for Home-Cooked vs Restaurant Meals,preference for home-cooked vs restaurant meals,preference_or_attitude,conditional,low,False,True,Use a 1-5 ordinal scale based on explicit statements or repeated direct evidence. Abstain when preference is unclear.,"Score only when the conversation provides direct, specific evidence about the speaker."
245,Immune-response age,immune-response age,medical_or_biological,not_observable,high,False,False,,"Requires medical, laboratory, genetic, diagnostic, or other external evidence."
246,Social-cognition variable: Cognitive Empathy,social-cognition variable: cognitive empathy,behavioral_or_personality,conditional,low,False,True,Use a 1-5 ordinal scale based on direct conversational evidence. Do not infer stable traits from isolated statements.,"Score only when the conversation provides direct, specific evidence about the speaker."
247,Kink-interest diversity,kink-interest diversity,behavioral_or_personality,conditional,high,False,True,Use a 1-5 ordinal scale based on direct conversational evidence. Do not infer stable traits from isolated statements.,"Score only when the conversation provides direct, specific evidence about the speaker."
248,Adaptability and Flexibility:,adaptability and flexibility,header_or_malformed,not_observable,low,True,False,,Header-like or malformed catalogue entry; excluded from retrieval and scoring.
249,Judging Consequences,judging consequences,behavioral_or_personality,conditional,low,False,True,Use a 1-5 ordinal scale based on direct conversational evidence. Do not infer stable traits from isolated statements.,"Score only when the conversation provides direct, specific evidence about the speaker."
250,Harmfulness,harmfulness,behavioral_or_personality,conditional,low,False,True,Use a 1-5 ordinal scale based on direct conversational evidence. Do not infer stable traits from isolated statements.,"Score only when the conversation provides direct, specific evidence about the speaker."
251,Affinity,affinity,preference_or_attitude,conditional,low,False,True,Use a 1-5 ordinal scale based on explicit statements or repeated direct evidence. Abstain when preference is unclear.,"Score only when the conversation provides direct, specific evidence about the speaker."
252,Abasement,abasement,behavioral_or_personality,conditional,low,False,True,Use a 1-5 ordinal scale based on direct conversational evidence. Do not infer stable traits from isolated statements.,"Score only when the conversation provides direct, specific evidence about the speaker."
253,Chronic pain presence,chronic pain presence,medical_or_biological,not_observable,high,False,False,,"Requires medical, laboratory, genetic, diagnostic, or other external evidence."
254,520. Discernment practice hours / week,discernment practice hours / week,biographical_or_external_fact,conditional,medium,False,True,Use a 1-5 ordinal scale based on direct conversational evidence. Do not infer stable traits from isolated statements.,"Score only when the conversation provides direct, specific evidence about the speaker."
255,Initiative,initiative,behavioral_or_personality,conditional,low,False,True,Use a 1-5 ordinal scale based on direct conversational evidence. Do not infer stable traits from isolated statements.,"Score only when the conversation provides direct, specific evidence about the speaker."
256,Courageousness,courageousness,behavioral_or_personality,conditional,low,False,True,Use a 1-5 ordinal scale based on direct conversational evidence. Do not infer stable traits from isolated statements.,"Score only when the conversation provides direct, specific evidence about the speaker."
257,Joyfulness,joyfulness,behavioral_or_personality,conditional,low,False,True,Use a 1-5 ordinal scale based on direct conversational evidence. Do not infer stable traits from isolated statements.,"Score only when the conversation provides direct, specific evidence about the speaker."
258,Suspicion,suspicion,behavioral_or_personality,conditional,low,False,True,Use a 1-5 ordinal scale based on direct conversational evidence. Do not infer stable traits from isolated statements.,"Score only when the conversation provides direct, specific evidence about the speaker."
259,Basophil count,basophil count,medical_or_biological,not_observable,high,False,False,,"Requires medical, laboratory, genetic, diagnostic, or other external evidence."
260,Attachment avoidance score,attachment avoidance score,behavioral_or_personality,conditional,high,False,True,Use a 1-5 ordinal scale based on direct conversational evidence. Do not infer stable traits from isolated statements.,"Score only when the conversation provides direct, specific evidence about the speaker."
261,Time Orientation End Points:,time orientation end points,header_or_malformed,not_observable,low,True,False,,Header-like or malformed catalogue entry; excluded from retrieval and scoring.
262,Brazenness,brazenness,behavioral_or_personality,conditional,low,False,True,Use a 1-5 ordinal scale based on direct conversational evidence. Do not infer stable traits from isolated statements.,"Score only when the conversation provides direct, specific evidence about the speaker."
263,Talkativeness,talkativeness,communication_or_interaction,conditional,low,False,True,Use a 1-5 ordinal scale based only on directly observable conversational evidence. Abstain when the sample is too short or unrepresentative.,"Score only when the conversation provides direct, specific evidence about the speaker."
264,Equitableness,equitableness,behavioral_or_personality,conditional,low,False,True,Use a 1-5 ordinal scale based on direct conversational evidence. Do not infer stable traits from isolated statements.,"Score only when the conversation provides direct, specific evidence about the speaker."
265,Ideas generated/day,ideas generated/day,behavioral_or_personality,conditional,low,False,True,Use a 1-5 ordinal scale based on direct conversational evidence. Do not infer stable traits from isolated statements.,"Score only when the conversation provides direct, specific evidence about the speaker."
266,Originality,originality,behavioral_or_personality,conditional,low,False,True,Use a 1-5 ordinal scale based on direct conversational evidence. Do not infer stable traits from isolated statements.,"Score only when the conversation provides direct, specific evidence about the speaker."
267,Fearfulness: Fear of physical dangers,fearfulness: fear of physical dangers,behavioral_or_personality,conditional,low,False,True,Use a 1-5 ordinal scale based on direct conversational evidence. Do not infer stable traits from isolated statements.,"Score only when the conversation provides direct, specific evidence about the speaker."
268,Dance rehearsal hours/week,dance rehearsal hours/week,biographical_or_external_fact,conditional,medium,False,True,Use a 1-5 ordinal scale based on direct conversational evidence. Do not infer stable traits from isolated statements.,"Score only when the conversation provides direct, specific evidence about the speaker."
269,561. Practice frequency: Mantra meditation,practice frequency: mantra meditation,spiritual_or_religious_practice,conditional,medium,False,True,Use a 1-5 ordinal scale based on direct conversational evidence. Do not infer stable traits from isolated statements.,"Score only when the conversation provides direct, specific evidence about the speaker."
270,Public-transport km/week,public-transport km/week,biographical_or_external_fact,conditional,medium,False,True,Use a 1-5 ordinal scale based on direct conversational evidence. Do not infer stable traits from isolated statements.,"Score only when the conversation provides direct, specific evidence about the speaker."
271,Social Desirability Bias,social desirability bias,behavioral_or_personality,conditional,low,False,True,Use a 1-5 ordinal scale based on direct conversational evidence. Do not infer stable traits from isolated statements.,"Score only when the conversation provides direct, specific evidence about the speaker."
272,761. I Ching hexagram 43 resonance level,i ching hexagram 43 resonance level,spiritual_or_religious_practice,conditional,medium,False,True,Use a 1-5 ordinal scale based on direct conversational evidence. Do not infer stable traits from isolated statements.,"Score only when the conversation provides direct, specific evidence about the speaker."
273,Disagreeableness,disagreeableness,behavioral_or_personality,conditional,low,False,True,Use a 1-5 ordinal scale based on direct conversational evidence. Do not infer stable traits from isolated statements.,"Score only when the conversation provides direct, specific evidence about the speaker."
274,Participation in Community Activities,participation in community activities,behavioral_or_personality,conditional,low,False,True,Use a 1-5 ordinal scale based on direct conversational evidence. Do not infer stable traits from isolated statements.,"Score only when the conversation provides direct, specific evidence about the speaker."
275,Impudence,impudence,behavioral_or_personality,conditional,low,False,True,Use a 1-5 ordinal scale based on direct conversational evidence. Do not infer stable traits from isolated statements.,"Score only when the conversation provides direct, specific evidence about the speaker."
276,Analogies,analogies,behavioral_or_personality,conditional,low,False,True,Use a 1-5 ordinal scale based on direct conversational evidence. Do not infer stable traits from isolated statements.,"Score only when the conversation provides direct, specific evidence about the speaker."
277,Clumsiness,clumsiness,behavioral_or_personality,conditional,low,False,True,Use a 1-5 ordinal scale based on direct conversational evidence. Do not infer stable traits from isolated statements.,"Score only when the conversation provides direct, specific evidence about the speaker."
278,Tendency Toward Compromise or Confrontation,tendency toward compromise or confrontation,behavioral_or_personality,conditional,low,False,True,Use a 1-5 ordinal scale based on direct conversational evidence. Do not infer stable traits from isolated statements.,"Score only when the conversation provides direct, specific evidence about the speaker."
279,737. I Ching hexagram 19 resonance level,i ching hexagram 19 resonance level,spiritual_or_religious_practice,conditional,medium,False,True,Use a 1-5 ordinal scale based on direct conversational evidence. Do not infer stable traits from isolated statements.,"Score only when the conversation provides direct, specific evidence about the speaker."
280,Robotics-interaction frequency,robotics-interaction frequency,skill_or_ability,conditional,low,False,True,Use a 1-5 ordinal scale based on demonstrated or explicitly described ability. Do not infer competence from interest alone.,"Score only when the conversation provides direct, specific evidence about the speaker."
281,Casual lifestyle,casual lifestyle,behavioral_or_personality,conditional,low,False,True,Use a 1-5 ordinal scale based on direct conversational evidence. Do not infer stable traits from isolated statements.,"Score only when the conversation provides direct, specific evidence about the speaker."
282,Collectedness,collectedness,behavioral_or_personality,conditional,low,False,True,Use a 1-5 ordinal scale based on direct conversational evidence. Do not infer stable traits from isolated statements.,"Score only when the conversation provides direct, specific evidence about the speaker."
283,Reliance on context,reliance on context,behavioral_or_personality,conditional,low,False,True,Use a 1-5 ordinal scale based on direct conversational evidence. Do not infer stable traits from isolated statements.,"Score only when the conversation provides direct, specific evidence about the speaker."
284,Delegation skills,delegation skills,skill_or_ability,conditional,low,False,True,Use a 1-5 ordinal scale based on demonstrated or explicitly described ability. Do not infer competence from interest alone.,"Score only when the conversation provides direct, specific evidence about the speaker."
285,767. I Ching hexagram 49 resonance level,i ching hexagram 49 resonance level,spiritual_or_religious_practice,conditional,medium,False,True,Use a 1-5 ordinal scale based on direct conversational evidence. Do not infer stable traits from isolated statements.,"Score only when the conversation provides direct, specific evidence about the speaker."
286,Managing emotions,managing emotions,behavioral_or_personality,conditional,low,False,True,Use a 1-5 ordinal scale based on direct conversational evidence. Do not infer stable traits from isolated statements.,"Score only when the conversation provides direct, specific evidence about the speaker."
287,Scripture memorization verses,scripture memorization verses,spiritual_or_religious_practice,conditional,medium,False,True,Use a 1-5 ordinal scale based on direct conversational evidence. Do not infer stable traits from isolated statements.,"Score only when the conversation provides direct, specific evidence about the speaker."
288,Conventional,conventional,behavioral_or_personality,conditional,low,False,True,Use a 1-5 ordinal scale based on direct conversational evidence. Do not infer stable traits from isolated statements.,"Score only when the conversation provides direct, specific evidence about the speaker."
289,890. Hindu spiritual metric: Bhagavad-Gita study hours,hindu spiritual metric: bhagavad-gita study hours,spiritual_or_religious_practice,conditional,medium,False,True,Use a 1-5 ordinal scale based on direct conversational evidence. Do not infer stable traits from isolated statements.,"Score only when the conversation provides direct, specific evidence about the speaker."
290,Open-source contributions,open-source contributions,biographical_or_external_fact,conditional,medium,False,True,Use a 1-5 ordinal scale based on direct conversational evidence. Do not infer stable traits from isolated statements.,"Score only when the conversation provides direct, specific evidence about the speaker."
291,Psychological construct: Social Conformity tendency,psychological construct: social conformity tendency,behavioral_or_personality,conditional,low,False,True,Use a 1-5 ordinal scale based on direct conversational evidence. Do not infer stable traits from isolated statements.,"Score only when the conversation provides direct, specific evidence about the speaker."
292,Individuality,individuality,behavioral_or_personality,conditional,low,False,True,Use a 1-5 ordinal scale based on direct conversational evidence. Do not infer stable traits from isolated statements.,"Score only when the conversation provides direct, specific evidence about the speaker."
293,740. I Ching hexagram 22 resonance level,i ching hexagram 22 resonance level,spiritual_or_religious_practice,conditional,medium,False,True,Use a 1-5 ordinal scale based on direct conversational evidence. Do not infer stable traits from isolated statements.,"Score only when the conversation provides direct, specific evidence about the speaker."
294,Attachment style: Secure,attachment style: secure,behavioral_or_personality,conditional,high,False,True,Use a 1-5 ordinal scale based on direct conversational evidence. Do not infer stable traits from isolated statements.,"Score only when the conversation provides direct, specific evidence about the speaker."
295,Intelligence Quotient (IQ),intelligence quotient (iq),behavioral_or_personality,conditional,low,False,True,Use a 1-5 ordinal scale based on direct conversational evidence. Do not infer stable traits from isolated statements.,"Score only when the conversation provides direct, specific evidence about the speaker."
296,Blog-subscriber count,blog-subscriber count,biographical_or_external_fact,conditional,medium,False,True,Use a 1-5 ordinal scale based on direct conversational evidence. Do not infer stable traits from isolated statements.,"Score only when the conversation provides direct, specific evidence about the speaker."
297,Non-Verbal Communication Skills,non-verbal communication skills,communication_or_interaction,conditional,low,False,True,Use a 1-5 ordinal scale based only on directly observable conversational evidence. Abstain when the sample is too short or unrepresentative.,"Score only when the conversation provides direct, specific evidence about the speaker."
298,Drug-use history,drug-use history,behavioral_or_personality,conditional,high,False,True,Use a 1-5 ordinal scale based on direct conversational evidence. Do not infer stable traits from isolated statements.,"Score only when the conversation provides direct, specific evidence about the speaker."
299,Commute time/day,commute time/day,biographical_or_external_fact,conditional,medium,False,True,Use a 1-5 ordinal scale based on direct conversational evidence. Do not infer stable traits from isolated statements.,"Score only when the conversation provides direct, specific evidence about the speaker."
300,Decision-making speed,decision-making speed,behavioral_or_personality,conditional,low,False,True,Use a 1-5 ordinal scale based on direct conversational evidence. Do not infer stable traits from isolated statements.,"Score only when the conversation provides direct, specific evidence about the speaker."
301,Psychological construct: Excuse-Making tendency,psychological construct: excuse-making tendency,behavioral_or_personality,conditional,low,False,True,Use a 1-5 ordinal scale based on direct conversational evidence. Do not infer stable traits from isolated statements.,"Score only when the conversation provides direct, specific evidence about the speaker."
302,Peer-to-peer lending usage,peer-to-peer lending usage,biographical_or_external_fact,conditional,medium,False,True,Use a 1-5 ordinal scale based on direct conversational evidence. Do not infer stable traits from isolated statements.,"Score only when the conversation provides direct, specific evidence about the speaker."
303,Psychological construct: Eye-Contact avoidance score,psychological construct: eye-contact avoidance score,communication_or_interaction,conditional,low,False,True,Use a 1-5 ordinal scale based only on directly observable conversational evidence. Abstain when the sample is too short or unrepresentative.,"Score only when the conversation provides direct, specific evidence about the speaker."
304,Social-cognition variable: Faux Pas Recognition accuracy,social-cognition variable: faux pas recognition accuracy,behavioral_or_personality,conditional,low,False,True,Use a 1-5 ordinal scale based on direct conversational evidence. Do not infer stable traits from isolated statements.,"Score only when the conversation provides direct, specific evidence about the speaker."
305,Conscientiousness (C):,conscientiousness (c),header_or_malformed,not_observable,low,True,False,,Header-like or malformed catalogue entry; excluded from retrieval and scoring.
306,Use of Nature as a Stress Reliever,use of nature as a stress reliever,behavioral_or_personality,conditional,low,False,True,Use a 1-5 ordinal scale based on direct conversational evidence. Do not infer stable traits from isolated statements.,"Score only when the conversation provides direct, specific evidence about the speaker."
307,Attitude toward learning,attitude toward learning,preference_or_attitude,conditional,low,False,True,Use a 1-5 ordinal scale based on explicit statements or repeated direct evidence. Abstain when preference is unclear.,"Score only when the conversation provides direct, specific evidence about the speaker."
308,Conscientiousness Facets:,conscientiousness facets,header_or_malformed,not_observable,low,True,False,,Header-like or malformed catalogue entry; excluded from retrieval and scoring.
309,Honesty-humility trait score,honesty-humility trait score,behavioral_or_personality,conditional,low,False,True,Use a 1-5 ordinal scale based on direct conversational evidence. Do not infer stable traits from isolated statements.,"Score only when the conversation provides direct, specific evidence about the speaker."
310,Digital-nomad months,digital-nomad months,biographical_or_external_fact,conditional,medium,False,True,Use a 1-5 ordinal scale based on direct conversational evidence. Do not infer stable traits from isolated statements.,"Score only when the conversation provides direct, specific evidence about the speaker."
311,516. Religious coping – Negative,religious coping - negative,spiritual_or_religious_practice,conditional,medium,False,True,Use a 1-5 ordinal scale based on direct conversational evidence. Do not infer stable traits from isolated statements.,"Score only when the conversation provides direct, specific evidence about the speaker."
312,Snacking Behavior,snacking behavior,behavioral_or_personality,conditional,low,False,True,Use a 1-5 ordinal scale based on direct conversational evidence. Do not infer stable traits from isolated statements.,"Score only when the conversation provides direct, specific evidence about the speaker."
313,Aura-color perception,aura-color perception,skill_or_ability,conditional,low,False,True,Use a 1-5 ordinal scale based on demonstrated or explicitly described ability. Do not infer competence from interest alone.,"Score only when the conversation provides direct, specific evidence about the speaker."
314,638. Sacred text engagement: Zohar (Kabbalah) study hours,sacred text engagement: zohar (kabbalah) study hours,spiritual_or_religious_practice,conditional,medium,False,True,Use a 1-5 ordinal scale based on direct conversational evidence. Do not infer stable traits from isolated statements.,"Score only when the conversation provides direct, specific evidence about the speaker."
315,Motivational Drivers:,motivational drivers,header_or_malformed,not_observable,low,True,False,,Header-like or malformed catalogue entry; excluded from retrieval and scoring.
316,Cloud-backup frequency,cloud-backup frequency,biographical_or_external_fact,conditional,medium,False,True,Use a 1-5 ordinal scale based on direct conversational evidence. Do not infer stable traits from isolated statements.,"Score only when the conversation provides direct, specific evidence about the speaker."
317,Learning Style,learning style,behavioral_or_personality,conditional,low,False,True,Use a 1-5 ordinal scale based on direct conversational evidence. Do not infer stable traits from isolated statements.,"Score only when the conversation provides direct, specific evidence about the speaker."
318,872. Islamic practice: Seerah study hours,islamic practice: seerah study hours,spiritual_or_religious_practice,conditional,medium,False,True,Use a 1-5 ordinal scale based on direct conversational evidence. Do not infer stable traits from isolated statements.,"Score only when the conversation provides direct, specific evidence about the speaker."
319,Safety compliance,safety compliance,behavioral_or_personality,conditional,low,False,True,Use a 1-5 ordinal scale based on direct conversational evidence. Do not infer stable traits from isolated statements.,"Score only when the conversation provides direct, specific evidence about the speaker."
320,Sensationalism,sensationalism,behavioral_or_personality,conditional,low,False,True,Use a 1-5 ordinal scale based on direct conversational evidence. Do not infer stable traits from isolated statements.,"Score only when the conversation provides direct, specific evidence about the speaker."
321,Nationality,nationality,biographical_or_external_fact,conditional,high,False,True,Use a 1-5 ordinal scale based on direct conversational evidence. Do not infer stable traits from isolated statements.,"Score only when the conversation provides direct, specific evidence about the speaker."
322,Drollness,drollness,behavioral_or_personality,conditional,low,False,True,Use a 1-5 ordinal scale based on direct conversational evidence. Do not infer stable traits from isolated statements.,"Score only when the conversation provides direct, specific evidence about the speaker."
323,Cooperation,cooperation,behavioral_or_personality,conditional,low,False,True,Use a 1-5 ordinal scale based on direct conversational evidence. Do not infer stable traits from isolated statements.,"Score only when the conversation provides direct, specific evidence about the speaker."
324,Breakfast-skipping frequency,breakfast-skipping frequency,biographical_or_external_fact,conditional,medium,False,True,Use a 1-5 ordinal scale based on direct conversational evidence. Do not infer stable traits from isolated statements.,"Score only when the conversation provides direct, specific evidence about the speaker."
325,922. Sikh spiritual metric: Kirtan participation frequency,sikh spiritual metric: kirtan participation frequency,spiritual_or_religious_practice,conditional,medium,False,True,Use a 1-5 ordinal scale based on direct conversational evidence. Do not infer stable traits from isolated statements.,"Score only when the conversation provides direct, specific evidence about the speaker."
326,Impulsivity,impulsivity,behavioral_or_personality,conditional,low,False,True,Use a 1-5 ordinal scale based on direct conversational evidence. Do not infer stable traits from isolated statements.,"Score only when the conversation provides direct, specific evidence about the speaker."
327,Museum visits/year,museum visits/year,behavioral_or_personality,conditional,low,False,True,Use a 1-5 ordinal scale based on direct conversational evidence. Do not infer stable traits from isolated statements.,"Score only when the conversation provides direct, specific evidence about the speaker."
328,Choir participation years,choir participation years,biographical_or_external_fact,conditional,medium,False,True,Use a 1-5 ordinal scale based on direct conversational evidence. Do not infer stable traits from isolated statements.,"Score only when the conversation provides direct, specific evidence about the speaker."
329,Delegation Ability,delegation ability,skill_or_ability,conditional,low,False,True,Use a 1-5 ordinal scale based on demonstrated or explicitly described ability. Do not infer competence from interest alone.,"Score only when the conversation provides direct, specific evidence about the speaker."
330,788. Kabbalah sephira balance: Tiferet,kabbalah sephira balance: tiferet,spiritual_or_religious_practice,conditional,medium,False,True,Use a 1-5 ordinal scale based on direct conversational evidence. Do not infer stable traits from isolated statements.,"Score only when the conversation provides direct, specific evidence about the speaker."
331,Desire to influence others,desire to influence others,preference_or_attitude,conditional,low,False,True,Use a 1-5 ordinal scale based on explicit statements or repeated direct evidence. Abstain when preference is unclear.,"Score only when the conversation provides direct, specific evidence about the speaker."
332,Vivacity,vivacity,behavioral_or_personality,conditional,low,False,True,Use a 1-5 ordinal scale based on direct conversational evidence. Do not infer stable traits from isolated statements.,"Score only when the conversation provides direct, specific evidence about the speaker."
333,Genialness,genialness,behavioral_or_personality,conditional,low,False,True,Use a 1-5 ordinal scale based on direct conversational evidence. Do not infer stable traits from isolated statements.,"Score only when the conversation provides direct, specific evidence about the speaker."
334,Cognitive measure: Working Memory Index,cognitive measure: working memory index,skill_or_ability,conditional,low,False,True,Use a 1-5 ordinal scale based on demonstrated or explicitly described ability. Do not infer competence from interest alone.,"Score only when the conversation provides direct, specific evidence about the speaker."
335,Ethical practices,ethical practices,behavioral_or_personality,conditional,low,False,True,Use a 1-5 ordinal scale based on direct conversational evidence. Do not infer stable traits from isolated statements.,"Score only when the conversation provides direct, specific evidence about the speaker."
336,945. New-Age spiritual metric: Channeling sessions / year,new-age spiritual metric: channeling sessions / year,spiritual_or_religious_practice,conditional,medium,False,True,Use a 1-5 ordinal scale based on direct conversational evidence. Do not infer stable traits from isolated statements.,"Score only when the conversation provides direct, specific evidence about the speaker."
337,Civility,civility,behavioral_or_personality,conditional,low,False,True,Use a 1-5 ordinal scale based on direct conversational evidence. Do not infer stable traits from isolated statements.,"Score only when the conversation provides direct, specific evidence about the speaker."
338,Sleep Apnea,sleep apnea,medical_or_biological,not_observable,high,False,False,,"Requires medical, laboratory, genetic, diagnostic, or other external evidence."
339,Classiness,classiness,behavioral_or_personality,conditional,low,False,True,Use a 1-5 ordinal scale based on direct conversational evidence. Do not infer stable traits from isolated statements.,"Score only when the conversation provides direct, specific evidence about the speaker."
340,Control over situations,control over situations,behavioral_or_personality,conditional,low,False,True,Use a 1-5 ordinal scale based on direct conversational evidence. Do not infer stable traits from isolated statements.,"Score only when the conversation provides direct, specific evidence about the speaker."
341,Time outdoors/day (h),time outdoors/day (h),behavioral_or_personality,conditional,low,False,True,Use a 1-5 ordinal scale based on direct conversational evidence. Do not infer stable traits from isolated statements.,"Score only when the conversation provides direct, specific evidence about the speaker."
342,Effeteness,effeteness,behavioral_or_personality,conditional,low,False,True,Use a 1-5 ordinal scale based on direct conversational evidence. Do not infer stable traits from isolated statements.,"Score only when the conversation provides direct, specific evidence about the speaker."
343,Polygenic risk: cardiovascular disease,polygenic risk: cardiovascular disease,medical_or_biological,not_observable,high,False,False,,"Requires medical, laboratory, genetic, diagnostic, or other external evidence."
344,Psychological construct: Identity Diffusion level,psychological construct: identity diffusion level,psychological_or_mental_health,not_observable,high,False,False,,Should not be diagnosed or assigned from ordinary conversational text alone.
345,Learning through movement,learning through movement,behavioral_or_personality,conditional,low,False,True,Use a 1-5 ordinal scale based on direct conversational evidence. Do not infer stable traits from isolated statements.,"Score only when the conversation provides direct, specific evidence about the speaker."
346,Caffeine sensitivity gene,caffeine sensitivity gene,medical_or_biological,not_observable,high,False,False,,"Requires medical, laboratory, genetic, diagnostic, or other external evidence."
347,Hatefulness,hatefulness,behavioral_or_personality,conditional,low,False,True,Use a 1-5 ordinal scale based on direct conversational evidence. Do not infer stable traits from isolated statements.,"Score only when the conversation provides direct, specific evidence about the speaker."
348,Persistence:,persistence,header_or_malformed,not_observable,low,True,False,,Header-like or malformed catalogue entry; excluded from retrieval and scoring.
349,Psychological construct: Perfectionistic Strivings,psychological construct: perfectionistic strivings,behavioral_or_personality,conditional,low,False,True,Use a 1-5 ordinal scale based on direct conversational evidence. Do not infer stable traits from isolated statements.,"Score only when the conversation provides direct, specific evidence about the speaker."
350,Wake-time consistency,wake-time consistency,behavioral_or_personality,conditional,low,False,True,Use a 1-5 ordinal scale based on direct conversational evidence. Do not infer stable traits from isolated statements.,"Score only when the conversation provides direct, specific evidence about the speaker."
351,Numerical Reasoning:,numerical reasoning,header_or_malformed,not_observable,low,True,False,,Header-like or malformed catalogue entry; excluded from retrieval and scoring.
352,Social-cognition variable: Mentalizing network activation,social-cognition variable: mentalizing network activation,behavioral_or_personality,conditional,low,False,True,Use a 1-5 ordinal scale based on direct conversational evidence. Do not infer stable traits from isolated statements.,"Score only when the conversation provides direct, specific evidence about the speaker."
353,Patriotism,patriotism,behavioral_or_personality,conditional,low,False,True,Use a 1-5 ordinal scale based on direct conversational evidence. Do not infer stable traits from isolated statements.,"Score only when the conversation provides direct, specific evidence about the speaker."
354,Leadership Styles:,leadership styles,header_or_malformed,not_observable,low,True,False,,Header-like or malformed catalogue entry; excluded from retrieval and scoring.
355,Servility,servility,behavioral_or_personality,conditional,low,False,True,Use a 1-5 ordinal scale based on direct conversational evidence. Do not infer stable traits from isolated statements.,"Score only when the conversation provides direct, specific evidence about the speaker."
356,742. I Ching hexagram 24 resonance level,i ching hexagram 24 resonance level,spiritual_or_religious_practice,conditional,medium,False,True,Use a 1-5 ordinal scale based on direct conversational evidence. Do not infer stable traits from isolated statements.,"Score only when the conversation provides direct, specific evidence about the speaker."
357,Enneagram Personality Types:,enneagram personality types,header_or_malformed,not_observable,low,True,False,,Header-like or malformed catalogue entry; excluded from retrieval and scoring.
358,Stress Recovery Ability,stress recovery ability,skill_or_ability,conditional,low,False,True,Use a 1-5 ordinal scale based on demonstrated or explicitly described ability. Do not infer competence from interest alone.,"Score only when the conversation provides direct, specific evidence about the speaker."
359,Troubleshooting technical issues,troubleshooting technical issues,skill_or_ability,conditional,low,False,True,Use a 1-5 ordinal scale based on demonstrated or explicitly described ability. Do not infer competence from interest alone.,"Score only when the conversation provides direct, specific evidence about the speaker."
360,Defense-mechanism tendency: Introjection,defense-mechanism tendency: introjection,behavioral_or_personality,conditional,low,False,True,Use a 1-5 ordinal scale based on direct conversational evidence. Do not infer stable traits from isolated statements.,"Score only when the conversation provides direct, specific evidence about the speaker."
361,Irritability,irritability,behavioral_or_personality,conditional,low,False,True,Use a 1-5 ordinal scale based on direct conversational evidence. Do not infer stable traits from isolated statements.,"Score only when the conversation provides direct, specific evidence about the speaker."
362,Travel-companions diversity,travel-companions diversity,behavioral_or_personality,conditional,low,False,True,Use a 1-5 ordinal scale based on direct conversational evidence. Do not infer stable traits from isolated statements.,"Score only when the conversation provides direct, specific evidence about the speaker."
363,627. Sacred text engagement: Quran surahs memorized,sacred text engagement: quran surahs memorized,spiritual_or_religious_practice,conditional,medium,False,True,Use a 1-5 ordinal scale based on direct conversational evidence. Do not infer stable traits from isolated statements.,"Score only when the conversation provides direct, specific evidence about the speaker."
364,Trust in others,trust in others,behavioral_or_personality,conditional,low,False,True,Use a 1-5 ordinal scale based on direct conversational evidence. Do not infer stable traits from isolated statements.,"Score only when the conversation provides direct, specific evidence about the speaker."
365,Gamified-finance-app usage,gamified-finance-app usage,biographical_or_external_fact,conditional,medium,False,True,Use a 1-5 ordinal scale based on direct conversational evidence. Do not infer stable traits from isolated statements.,"Score only when the conversation provides direct, specific evidence about the speaker."
366,823. Buddhist practice: Eightfold Path – Right Intention level,buddhist practice: eightfold path - right intention level,spiritual_or_religious_practice,conditional,medium,False,True,Use a 1-5 ordinal scale based on direct conversational evidence. Do not infer stable traits from isolated statements.,"Score only when the conversation provides direct, specific evidence about the speaker."
367,Caffeine intake (mg/day),caffeine intake (mg/day),biographical_or_external_fact,conditional,medium,False,True,Use a 1-5 ordinal scale based on direct conversational evidence. Do not infer stable traits from isolated statements.,"Score only when the conversation provides direct, specific evidence about the speaker."
368,Comfort with Vulnerability,comfort with vulnerability,behavioral_or_personality,conditional,low,False,True,Use a 1-5 ordinal scale based on direct conversational evidence. Do not infer stable traits from isolated statements.,"Score only when the conversation provides direct, specific evidence about the speaker."
369,Anticipativeness,anticipativeness,behavioral_or_personality,conditional,low,False,True,Use a 1-5 ordinal scale based on direct conversational evidence. Do not infer stable traits from isolated statements.,"Score only when the conversation provides direct, specific evidence about the speaker."
370,Additional Common Parameters and Their End Points:,additional common parameters and their end points,header_or_malformed,not_observable,low,True,False,,Header-like or malformed catalogue entry; excluded from retrieval and scoring.
371,Avoiding:,avoiding,header_or_malformed,not_observable,low,True,False,,Header-like or malformed catalogue entry; excluded from retrieval and scoring.
372,Home-security-system presence,home-security-system presence,biographical_or_external_fact,conditional,medium,False,True,Use a 1-5 ordinal scale based on direct conversational evidence. Do not infer stable traits from isolated statements.,"Score only when the conversation provides direct, specific evidence about the speaker."
373,HEXACO domain: Honesty-Humility,hexaco domain: honesty-humility,behavioral_or_personality,conditional,low,False,True,Use a 1-5 ordinal scale based on direct conversational evidence. Do not infer stable traits from isolated statements.,"Score only when the conversation provides direct, specific evidence about the speaker."
374,Eating Habits (Home-Cooked vs. Eating Out),eating habits (home-cooked vs. eating out),behavioral_or_personality,conditional,low,False,True,Use a 1-5 ordinal scale based on direct conversational evidence. Do not infer stable traits from isolated statements.,"Score only when the conversation provides direct, specific evidence about the speaker."
375,Decision-Making Confidence,decision-making confidence,behavioral_or_personality,conditional,low,False,True,Use a 1-5 ordinal scale based on direct conversational evidence. Do not infer stable traits from isolated statements.,"Score only when the conversation provides direct, specific evidence about the speaker."
376,Alignment with societal roles,alignment with societal roles,behavioral_or_personality,conditional,low,False,True,Use a 1-5 ordinal scale based on direct conversational evidence. Do not infer stable traits from isolated statements.,"Score only when the conversation provides direct, specific evidence about the speaker."
377,Connectedness: Belief in interconnections,connectedness: belief in interconnections,behavioral_or_personality,conditional,low,False,True,Use a 1-5 ordinal scale based on direct conversational evidence. Do not infer stable traits from isolated statements.,"Score only when the conversation provides direct, specific evidence about the speaker."
378,Quirkiness,quirkiness,behavioral_or_personality,conditional,low,False,True,Use a 1-5 ordinal scale based on direct conversational evidence. Do not infer stable traits from isolated statements.,"Score only when the conversation provides direct, specific evidence about the speaker."
379,Creative resilience,creative resilience,behavioral_or_personality,conditional,low,False,True,Use a 1-5 ordinal scale based on direct conversational evidence. Do not infer stable traits from isolated statements.,"Score only when the conversation provides direct, specific evidence about the speaker."
380,Rapid cognitive processing,rapid cognitive processing,behavioral_or_personality,conditional,low,False,True,Use a 1-5 ordinal scale based on direct conversational evidence. Do not infer stable traits from isolated statements.,"Score only when the conversation provides direct, specific evidence about the speaker."
381,Cordiality,cordiality,behavioral_or_personality,conditional,low,False,True,Use a 1-5 ordinal scale based on direct conversational evidence. Do not infer stable traits from isolated statements.,"Score only when the conversation provides direct, specific evidence about the speaker."
382,Types of Mindfulness Techniques Used,types of mindfulness techniques used,behavioral_or_personality,conditional,low,False,True,Use a 1-5 ordinal scale based on direct conversational evidence. Do not infer stable traits from isolated statements.,"Score only when the conversation provides direct, specific evidence about the speaker."
383,Economic reasoning,economic reasoning,skill_or_ability,conditional,low,False,True,Use a 1-5 ordinal scale based on demonstrated or explicitly described ability. Do not infer competence from interest alone.,"Score only when the conversation provides direct, specific evidence about the speaker."
384,Conformity,conformity,behavioral_or_personality,conditional,low,False,True,Use a 1-5 ordinal scale based on direct conversational evidence. Do not infer stable traits from isolated statements.,"Score only when the conversation provides direct, specific evidence about the speaker."
385,Pet-enrichment activities count,pet-enrichment activities count,biographical_or_external_fact,conditional,medium,False,True,Use a 1-5 ordinal scale based on direct conversational evidence. Do not infer stable traits from isolated statements.,"Score only when the conversation provides direct, specific evidence about the speaker."
386,Aestheticism,aestheticism,behavioral_or_personality,conditional,low,False,True,Use a 1-5 ordinal scale based on direct conversational evidence. Do not infer stable traits from isolated statements.,"Score only when the conversation provides direct, specific evidence about the speaker."
387,Type of Support Preferred (Emotional vs. Practical),type of support preferred (emotional vs. practical),preference_or_attitude,conditional,low,False,True,Use a 1-5 ordinal scale based on explicit statements or repeated direct evidence. Abstain when preference is unclear.,"Score only when the conversation provides direct, specific evidence about the speaker."
388,Mental Arithmetic Speed,mental arithmetic speed,behavioral_or_personality,conditional,low,False,True,Use a 1-5 ordinal scale based on direct conversational evidence. Do not infer stable traits from isolated statements.,"Score only when the conversation provides direct, specific evidence about the speaker."
389,Patience: Resistance to anger,patience: resistance to anger,behavioral_or_personality,conditional,low,False,True,Use a 1-5 ordinal scale based on direct conversational evidence. Do not infer stable traits from isolated statements.,"Score only when the conversation provides direct, specific evidence about the speaker."
390,Flawlessness,flawlessness,behavioral_or_personality,conditional,low,False,True,Use a 1-5 ordinal scale based on direct conversational evidence. Do not infer stable traits from isolated statements.,"Score only when the conversation provides direct, specific evidence about the speaker."
391,Self-Efficacy,self-efficacy,behavioral_or_personality,conditional,low,False,True,Use a 1-5 ordinal scale based on direct conversational evidence. Do not infer stable traits from isolated statements.,"Score only when the conversation provides direct, specific evidence about the speaker."
392,Computer Skills:,computer skills,header_or_malformed,not_observable,low,True,False,,Header-like or malformed catalogue entry; excluded from retrieval and scoring.
393,899. Jewish spiritual metric: Shabbat candle-lighting consistency,jewish spiritual metric: shabbat candle-lighting consistency,spiritual_or_religious_practice,conditional,medium,False,True,Use a 1-5 ordinal scale based on direct conversational evidence. Do not infer stable traits from isolated statements.,"Score only when the conversation provides direct, specific evidence about the speaker."
394,Spelling Accuracy,spelling accuracy,communication_or_interaction,conditional,low,False,True,Use a 1-5 ordinal scale based only on directly observable conversational evidence. Abstain when the sample is too short or unrepresentative.,"Score only when the conversation provides direct, specific evidence about the speaker."
395,793. Sufi practice: Dhikr repetitions / day,sufi practice: dhikr repetitions / day,spiritual_or_religious_practice,conditional,medium,False,True,Use a 1-5 ordinal scale based on direct conversational evidence. Do not infer stable traits from isolated statements.,"Score only when the conversation provides direct, specific evidence about the speaker."
396,Peacefulness,peacefulness,behavioral_or_personality,conditional,low,False,True,Use a 1-5 ordinal scale based on direct conversational evidence. Do not infer stable traits from isolated statements.,"Score only when the conversation provides direct, specific evidence about the speaker."
397,Doggedness,doggedness,behavioral_or_personality,conditional,low,False,True,Use a 1-5 ordinal scale based on direct conversational evidence. Do not infer stable traits from isolated statements.,"Score only when the conversation provides direct, specific evidence about the speaker."
398,Decency,decency,behavioral_or_personality,conditional,low,False,True,Use a 1-5 ordinal scale based on direct conversational evidence. Do not infer stable traits from isolated statements.,"Score only when the conversation provides direct, specific evidence about the speaker."
399,Processed-food frequency,processed-food frequency,biographical_or_external_fact,conditional,medium,False,True,Use a 1-5 ordinal scale based on direct conversational evidence. Do not infer stable traits from isolated statements.,"Score only when the conversation provides direct, specific evidence about the speaker."
